"gender","name.title","name.first","name.last","dob.date","dob.age"
"male",Mr,Zackary,Morin,1947-08-24T22:45:27.994Z,75
"male",Mr,Matthew,Walker,1978-12-04T20:23:14.865Z,43
"male",Mr,Noah,Abraham,1948-02-10T23:33:11.222Z,74
"female",Mrs,Clara,Barnaby,2000-10-07T15:47:41.601Z,21
"female",Ms,Olivia,White,1948-05-26T14:20:44.684Z,74
"male",Mr,Ryan,Walker,1952-08-25T10:08:22.639Z,70
"male",Mr,Daniel,Young,1995-01-14T03:24:20.681Z,27
"female",Ms,Laurie,Ambrose,1980-09-02T20:51:23.844Z,42
"female",Ms,Sarah,Gauthier,1945-01-10T03:01:53.467Z,77
"male",Mr,Jeremy,Bouchard,1990-09-20T18:07:43.579Z,32
"female",Miss,Charlotte,Ross,1974-03-22T03:06:27.698Z,48
"female",Miss,Isabella,Park,1977-01-14T07:06:18.539Z,45
"female",Mrs,Olivia,Chow,1961-08-11T22:41:41.761Z,61
"male",Mr,Etienne,Macdonald,1957-04-11T16:37:07.096Z,65
"male",Mr,Louis,Ennis,1970-05-14T23:33:52.315Z,52
"male",Mr,Jacob,Young,1966-04-26T00:01:30.248Z,56
"female",Ms,Clara,Addy,1969-02-06T07:36:35.957Z,53
"female",Miss,Alicia,Bergeron,1997-05-29T08:48:06.070Z,25
"male",Mr,Zachary,Ginnish,1960-05-24T12:44:16.371Z,62
"male",Mr,Noah,Harcourt,1981-09-13T16:34:43.133Z,41
"male",Mr,Samuel,Novak,1966-10-17T20:16:22.931Z,55
"female",Miss,Marianne,Thompson,1978-10-28T01:45:19.005Z,43
"female",Mrs,Amelia,Denys,1984-09-29T07:24:57.709Z,38
"female",Miss,Jade,Jean-Baptiste,1979-06-24T13:31:13.285Z,43
"male",Mr,Benjamin,Lam,1950-12-22T12:39:37.281Z,71
"male",Mr,Dylan,Singh,1963-02-25T16:41:04.728Z,59
"male",Mr,Ryder,Singh,1995-09-28T02:00:46.632Z,27
"female",Miss,Florence,Mitchell,1954-11-27T13:46:53.266Z,67
"male",Mr,Blake,Lavigne,1991-12-29T02:08:32.617Z,30
"male",Mr,Samuel,Tremblay,1962-11-18T05:31:03.498Z,59
"female",Ms,Megan,Singh,1972-09-30T13:50:07.458Z,50
"male",Mr,Arthur,White,1960-06-30T06:24:30.213Z,62
"male",Mr,Lucas,Lavoie,1954-09-28T10:29:14.890Z,68
"male",Mr,Mason,Sirko,1959-10-11T15:48:06.682Z,62
"male",Mr,Arnaud,Singh,1965-11-27T23:44:52.680Z,56
"male",Mr,Benjamin,Chan,1980-05-14T10:23:49.525Z,42
"female",Mrs,Avery,Barnaby,1950-08-09T23:47:06.676Z,72
"female",Ms,Jeanne,Ginnish,1958-03-19T14:50:02.252Z,64
"female",Ms,Megan,Ennis,1970-07-12T23:02:42.886Z,52
"female",Miss,Delphine,Brar,1954-10-21T02:31:40.760Z,67
"female",Mrs,Lea,Wilson,1975-11-20T16:12:22.729Z,46
"male",Mr,Jeremy,Gagnon,1947-09-12T19:58:57.937Z,75
"female",Miss,Megan,Lam,1974-10-27T12:24:46.140Z,47
"female",Ms,Ella,Barnaby,1998-10-06T14:29:41.270Z,23
"female",Mrs,Alexis,Patel,1973-02-15T17:06:13.407Z,49
"male",Mr,Etienne,Roy,1991-12-02T14:29:24.642Z,30
"female",Ms,Laurie,Anderson,1954-04-05T08:11:21.743Z,68
"male",Mr,Victor,Addy,1966-12-29T08:36:35.820Z,55
"female",Miss,Harper,Harris,1999-06-24T18:43:40.307Z,23
"male",Mr,Maxime,Liu,1958-04-01T20:06:46.861Z,64
"female",Miss,Justine,Lavoie,1946-09-08T00:33:34.058Z,76
"female",Miss,Jasmine,Bélanger,1987-07-17T02:50:24.302Z,35
"female",Miss,Jasmine,Gill,1955-08-19T04:54:15.289Z,67
"female",Mrs,Jade,Williams,2001-02-21T18:51:40.767Z,21
"male",Mr,Maxime,Jean-Baptiste,1973-12-21T10:08:22.177Z,48
"male",Mr,Philippe,Lévesque,1968-10-24T08:46:22.443Z,53
"female",Ms,Hailey,Lavigne,1991-03-15T05:42:08.453Z,31
"male",Mr,Maxime,Taylor,1952-10-23T07:34:35.305Z,69
"male",Mr,Maxime,Liu,1995-05-24T20:43:11.834Z,27
"female",Ms,Eva,Brar,1989-11-14T17:44:52.058Z,32
"male",Mr,Dominic,Ross,1947-11-13T08:50:38.763Z,74
"male",Mr,Maxime,Jones,1954-03-26T05:34:04.160Z,68
"female",Miss,Aubrey,Young,1956-03-25T15:59:58.362Z,66
"female",Miss,Jasmine,Sirko,1981-02-27T22:19:11.776Z,41
"female",Miss,Hannah,Martin,1983-09-18T08:25:42.704Z,39
"male",Mr,Dylan,Ennis,1992-09-27T14:44:19.094Z,30
"male",Mr,Zachary,Li,1982-02-23T08:13:31.107Z,40
"male",Mr,Maxime,Brar,1971-01-06T13:04:53.025Z,51
"male",Mr,Dominic,Miller,1961-10-17T07:26:38.368Z,60
"female",Miss,Elizabeth,Anderson,1977-08-17T14:24:53.725Z,45
"male",Mr,Arnaud,Ambrose,1992-10-06T06:31:51.625Z,29
"male",Mr,Jack,Campbell,1955-08-01T05:25:17.121Z,67
"male",Mr,Philip,Bergeron,1987-01-18T03:53:07.109Z,35
"male",Mr,Noah,Anderson,1964-11-11T15:51:57.529Z,57
"female",Mrs,Maeva,Macdonald,1962-06-05T19:13:31.282Z,60
"male",Mr,Blake,Jean-Baptiste,1997-01-01T05:19:09.053Z,25
"male",Mr,Zachary,Taylor,1959-02-24T00:31:49.615Z,63
"female",Mrs,Clara,Gauthier,1985-07-12T22:11:50.603Z,37
"male",Mr,Etienne,Brar,1952-03-29T13:07:37.952Z,70
"female",Ms,Jasmine,Harris,1994-10-03T05:20:05.588Z,28
"female",Mrs,Amy,Ennis,1950-09-20T13:42:25.326Z,72
"male",Mr,Simon,Chan,1963-04-26T10:05:31.262Z,59
"male",Mr,Malik,Lo,1996-04-13T05:29:38.636Z,26
"female",Mrs,Jeanne,Margaret,1971-04-20T03:47:53.506Z,51
"female",Ms,Madison,Roy,1953-03-20T14:34:44.733Z,69
"female",Mrs,Alice,Brown,1985-04-15T18:05:51.273Z,37
"female",Miss,Charlotte,Taylor,1968-09-20T09:49:30.160Z,54
"male",Mr,Nathan,Abraham,1944-12-11T16:49:42.248Z,77
"male",Mr,Dominic,Liu,1949-09-18T18:06:21.904Z,73
"male",Mr,Leo,Singh,1971-11-01T13:29:09.287Z,50
"female",Ms,Sarah,Scott,1957-08-22T05:38:50.836Z,65
"female",Mrs,Charlie,Addy,1968-02-18T01:27:02.558Z,54
"male",Mr,Justin,Claire,2000-10-15T17:16:26.697Z,21
"male",Mr,Nathan,Novak,1976-02-10T17:27:47.633Z,46
"male",Mr,Dominic,Ginnish,2000-12-12T14:19:39.944Z,21
"male",Mr,Etienne,Wong,1999-12-05T05:46:59.185Z,22
"female",Ms,Leanne,Johnson,1952-11-14T04:51:58.946Z,69
"female",Mrs,Alicia,Chow,1956-01-24T23:46:38.862Z,66
"female",Mrs,Maya,Abraham,1973-05-17T04:07:48.293Z,49
"female",Miss,Juliette,Côté,1983-09-21T19:24:03.025Z,39
"male",Mr,David,Andersen,1972-11-14T02:33:08.429Z,49
"male",Mr,Jack,Wilson,1950-05-10T21:45:41.434Z,72
"male",Mr,Hudson,Patel,1991-12-19T06:53:15.852Z,30
"female",Ms,Julia,Jean-Baptiste,1993-11-22T18:50:08.936Z,28
"female",Mrs,Jade,Margaret,1986-12-11T04:43:31.597Z,35
"male",Mr,William,Brown,1976-07-04T14:36:08.457Z,46
"male",Mr,Bently,Ma,1979-10-31T04:26:50.652Z,42
"female",Ms,Avery,Ma,1972-01-25T23:13:46.926Z,50
"male",Mr,Alexander,Liu,1964-06-25T18:35:37.464Z,58
"female",Miss,Marianne,Knight,1995-07-27T23:58:58.114Z,27
"male",Mr,Gabriel,Campbell,1985-09-27T10:35:11.234Z,37
"female",Miss,Ella,Ross,1986-05-19T11:16:31.293Z,36
"male",Mr,Nathan,Bélanger,1981-12-06T14:05:09.343Z,40
"male",Mr,Vincent,Denys,1960-05-18T14:07:06.086Z,62
"male",Mr,Benjamin,Ambrose,1968-09-02T07:10:01.468Z,54
"female",Ms,Charlie,Gill,1989-09-22T14:50:44.711Z,33
"male",Mr,Charles,Harris,1985-04-16T22:22:33.831Z,37
"female",Mrs,Emma,Abraham,1985-11-26T13:07:29.804Z,36
"male",Mr,Malik,Ginnish,1987-12-23T18:52:56.234Z,34
"male",Mr,Jacob,Knight,1999-12-09T02:39:15.551Z,22
"female",Miss,Delphine,Grewal,1994-01-07T18:04:06.502Z,28
"male",Mr,Ryan,Knight,1976-06-05T18:06:46.594Z,46
"male",Mr,James,Pelletier,1948-06-14T14:58:00.409Z,74
"male",Mr,Hunter,Lo,1987-08-20T11:40:23.421Z,35
"female",Ms,Ella,Young,1950-12-23T16:32:38.217Z,71
"female",Miss,Hailey,Gauthier,1948-05-03T06:08:33.652Z,74
"male",Mr,Zachary,Harcourt,1987-01-23T11:40:59.241Z,35
"female",Mrs,Harper,Ginnish,1961-04-21T22:52:51.266Z,61
"male",Mr,Nathan,Ennis,1995-03-01T22:04:49.669Z,27
"female",Mrs,Jasmine,Morin,1961-09-27T22:32:57.391Z,61
"male",Mr,Xavier,Jean-Baptiste,1972-08-21T18:10:32.379Z,50
"female",Miss,Mia,Ouellet,1975-10-07T05:18:35.647Z,46
"male",Mr,Arnaud,Gagnon,1995-12-28T12:35:14.639Z,26
"female",Mrs,Leanne,Roy,1989-11-29T11:53:49.198Z,32
"female",Miss,Noémie,Lam,1967-12-13T11:48:48.115Z,54
"male",Mr,Carter,Roy,1952-02-05T19:32:15.694Z,70
"female",Mrs,Maeva,Pelletier,1964-12-30T19:36:39.867Z,57
"male",Mr,Vincent,Walker,1965-05-09T15:18:05.856Z,57
"male",Mr,Jayden,Johnson,1987-03-23T09:44:22.131Z,35
"female",Miss,Melodie,Ouellet,1985-04-30T08:52:33.542Z,37
"female",Ms,Ava,Margaret,1984-04-21T03:04:41.250Z,38
"male",Mr,Samuel,Jones,1986-08-09T17:37:30.074Z,36
"female",Ms,Amy,Barnaby,1978-12-10T06:10:35.157Z,43
"male",Mr,Nathan,Li,1951-12-18T05:58:29.225Z,70
"female",Ms,Laurie,Ennis,1965-12-01T14:33:08.030Z,56
"female",Ms,Rose,Pelletier,1995-02-12T04:53:56.566Z,27
"male",Mr,James,Walker,1999-10-20T12:29:03.479Z,22
"female",Ms,Charlie,Roy,1975-07-04T19:56:37.412Z,47
"female",Ms,Madison,Campbell,1945-03-12T07:38:32.862Z,77
"female",Miss,Charlotte,Park,1998-06-18T17:45:05.397Z,24
"male",Mr,Nathan,Campbell,1954-02-03T14:42:31.318Z,68
"female",Mrs,Lea,Roy,1966-03-10T19:53:51.493Z,56
"female",Miss,Marianne,Kowalski,1987-08-12T10:19:54.162Z,35
"male",Mr,Owen,Lo,1947-03-04T11:24:07.784Z,75
"male",Mr,Ryder,Gill,1952-04-05T19:34:26.210Z,70
"female",Miss,Justine,Macdonald,1952-09-04T19:46:52.064Z,70
"female",Miss,Maya,Smith,1972-02-26T04:33:17.674Z,50
"male",Mr,Tristan,Novak,1948-04-24T20:17:30.505Z,74
"female",Miss,Chloe,Brown,1983-12-20T04:28:52.055Z,38
"female",Mrs,Lily,Smith,1997-12-08T02:12:47.342Z,24
"male",Mr,Etienne,Fortin,1973-11-30T00:49:29.669Z,48
"male",Mr,James,Kowalski,1991-07-15T04:07:30.950Z,31
"female",Mrs,Ava,Campbell,1951-06-12T12:27:04.360Z,71
"female",Mrs,Olivia,White,1945-01-12T11:07:49.268Z,77
"male",Mr,Logan,Jones,1957-12-14T18:45:27.995Z,64
"male",Mr,Alexander,Barnaby,1981-05-28T19:58:25.015Z,41
"male",Mr,David,Wong,1988-04-28T05:22:45.248Z,34
"male",Mr,David,Jean-Baptiste,1969-09-30T02:17:55.035Z,53
"female",Ms,Aubrey,Lavigne,1989-11-14T03:45:55.633Z,32
"female",Ms,Jasmine,Ouellet,2000-11-01T00:25:01.328Z,21
"female",Miss,Florence,Novak,1979-08-28T04:08:07.129Z,43
"male",Mr,Arthur,Knight,1977-03-25T05:22:18.652Z,45
"female",Mrs,Aubree,Singh,1995-07-28T10:16:27.024Z,27
"female",Mrs,Lily,Margaret,1950-11-14T02:55:16.980Z,71
"female",Mrs,Harper,Grewal,1998-02-10T07:30:34.412Z,24
"male",Mr,Gabriel,Novak,1980-10-12T20:00:16.652Z,41
"female",Ms,Abigail,Williams,1949-07-03T02:08:15.432Z,73
"male",Mr,Mason,Lo,1944-09-11T11:21:45.667Z,78
"male",Mr,William,Margaret,1997-06-22T10:28:18.747Z,25
"female",Ms,Isabella,Harcourt,1970-09-02T13:36:56.429Z,52
"female",Miss,Ariane,Li,1970-12-16T08:35:21.068Z,51
"male",Mr,Zachary,Miller,1959-05-08T01:22:32.765Z,63
"female",Ms,Marilou,Harcourt,1953-05-22T20:49:24.363Z,69
"female",Mrs,Jasmine,Williams,1976-07-24T14:13:18.125Z,46
"male",Mr,Carter,Thompson,1999-11-13T09:18:45.962Z,22
"female",Miss,Alice,Gagnon,1976-10-01T11:23:33.728Z,46
"female",Mrs,Jasmine,Johnson,1958-01-24T04:08:45.391Z,64
"male",Mr,Zackary,Denys,1983-09-18T08:14:16.288Z,39
"female",Mrs,Delphine,Wilson,1979-09-05T23:50:27.854Z,43
"male",Mr,Matthew,Lavigne,1985-07-12T09:16:46.176Z,37
"male",Mr,Arthur,Harris,1990-01-17T02:06:18.553Z,32
"male",Mr,Nathan,Jean-Baptiste,1995-01-18T21:05:23.904Z,27
"female",Miss,Addison,Pelletier,1952-09-27T21:57:15.525Z,70
"female",Mrs,Marianne,Miller,1972-09-25T08:29:56.588Z,50
"male",Mr,Dylan,Clark,1961-12-04T05:33:11.505Z,60
"female",Ms,Mia,Mackay,1982-07-09T10:42:16.065Z,40
"male",Mr,Nathan,Li,1980-07-08T01:17:15.461Z,42
"female",Ms,Rose,Chan,1947-02-17T21:07:54.149Z,75
"male",Mr,Vincent,Scott,1993-01-19T05:43:26.226Z,29
"male",Mr,Leo,Gauthier,1958-09-05T05:36:52.415Z,64
